PRAGMA foreign_keys=OFF;
BEGIN TRANSACTION;
CREATE TABLE IF NOT EXISTS "django_migrations" ("id" integer NOT NULL PRIMARY KEY AUTOINCREMENT, "app" varchar(255) NOT NULL, "name" varchar(255) NOT NULL, "applied" datetime NOT NULL);
INSERT INTO django_migrations VALUES(1,'contenttypes','0001_initial','2021-09-07 19:53:27.790538');
INSERT INTO django_migrations VALUES(2,'auth','0001_initial','2021-09-07 19:53:27.845300');
INSERT INTO django_migrations VALUES(3,'admin','0001_initial','2021-09-07 19:53:27.866677');
INSERT INTO django_migrations VALUES(4,'admin','0002_logentry_remove_auto_add','2021-09-07 19:53:27.887373');
INSERT INTO django_migrations VALUES(5,'admin','0003_logentry_add_action_flag_choices','2021-09-07 19:53:27.907041');
INSERT INTO django_migrations VALUES(6,'contenttypes','0002_remove_content_type_name','2021-09-07 19:53:27.938230');
INSERT INTO django_migrations VALUES(7,'auth','0002_alter_permission_name_max_length','2021-09-07 19:53:27.957957');
INSERT INTO django_migrations VALUES(8,'auth','0003_alter_user_email_max_length','2021-09-07 19:53:27.979668');
INSERT INTO django_migrations VALUES(9,'auth','0004_alter_user_username_opts','2021-09-07 19:53:27.996151');
INSERT INTO django_migrations VALUES(10,'auth','0005_alter_user_last_login_null','2021-09-07 19:53:28.017368');
INSERT INTO django_migrations VALUES(11,'auth','0006_require_contenttypes_0002','2021-09-07 19:53:28.025267');
INSERT INTO django_migrations VALUES(12,'auth','0007_alter_validators_add_error_messages','2021-09-07 19:53:28.040826');
INSERT INTO django_migrations VALUES(13,'auth','0008_alter_user_username_max_length','2021-09-07 19:53:28.057782');
INSERT INTO django_migrations VALUES(14,'auth','0009_alter_user_last_name_max_length','2021-09-07 19:53:28.078422');
INSERT INTO django_migrations VALUES(15,'auth','0010_alter_group_name_max_length','2021-09-07 19:53:28.102959');
INSERT INTO django_migrations VALUES(16,'auth','0011_update_proxy_permissions','2021-09-07 19:53:28.117967');
INSERT INTO django_migrations VALUES(17,'auth','0012_alter_user_first_name_max_length','2021-09-07 19:53:28.136823');
INSERT INTO django_migrations VALUES(18,'sessions','0001_initial','2021-09-07 19:53:28.155712');
INSERT INTO django_migrations VALUES(19,'catalog','0001_initial','2021-09-08 18:58:17.796537');
INSERT INTO django_migrations VALUES(20,'catalog','0002_book_borrower','2021-09-10 22:39:55.962364');
INSERT INTO django_migrations VALUES(21,'catalog','0003_auto_20210910_1607','2021-09-10 23:07:37.547467');
INSERT INTO django_migrations VALUES(22,'catalog','0004_alter_bookinstance_options','2021-09-10 23:39:50.658191');
INSERT INTO django_migrations VALUES(23,'catalog','0005_auto_20210912_1714','2021-09-13 00:14:33.921950');
CREATE TABLE IF NOT EXISTS "auth_group_permissions" ("id" integer NOT NULL PRIMARY KEY AUTOINCREMENT, "group_id" integer NOT NULL REFERENCES "auth_group" ("id") DEFERRABLE INITIALLY DEFERRED, "permission_id" integer NOT NULL REFERENCES "auth_permission" ("id") DEFERRABLE INITIALLY DEFERRED);
CREATE TABLE IF NOT EXISTS "auth_user_groups" ("id" integer NOT NULL PRIMARY KEY AUTOINCREMENT, "user_id" integer NOT NULL REFERENCES "auth_user" ("id") DEFERRABLE INITIALLY DEFERRED, "group_id" integer NOT NULL REFERENCES "auth_group" ("id") DEFERRABLE INITIALLY DEFERRED);
CREATE TABLE IF NOT EXISTS "auth_user_user_permissions" ("id" integer NOT NULL PRIMARY KEY AUTOINCREMENT, "user_id" integer NOT NULL REFERENCES "auth_user" ("id") DEFERRABLE INITIALLY DEFERRED, "permission_id" integer NOT NULL REFERENCES "auth_permission" ("id") DEFERRABLE INITIALLY DEFERRED);
INSERT INTO auth_user_user_permissions VALUES(2,4,41);
CREATE TABLE IF NOT EXISTS "django_admin_log" ("id" integer NOT NULL PRIMARY KEY AUTOINCREMENT, "action_time" datetime NOT NULL, "object_id" text NULL, "object_repr" varchar(200) NOT NULL, "change_message" text NOT NULL, "content_type_id" integer NULL REFERENCES "django_content_type" ("id") DEFERRABLE INITIALLY DEFERRED, "user_id" integer NOT NULL REFERENCES "auth_user" ("id") DEFERRABLE INITIALLY DEFERRED, "action_flag" smallint unsigned NOT NULL CHECK ("action_flag" >= 0));
INSERT INTO django_admin_log VALUES(1,'2021-09-08 19:11:34.147044','1','Bertolini, Dewey','[{"added": {}}]',10,1,1);
INSERT INTO django_admin_log VALUES(2,'2021-09-08 19:12:06.186126','2','Richards, Larry','[{"added": {}}]',10,1,1);
INSERT INTO django_admin_log VALUES(3,'2021-09-08 19:16:38.719243','1','Bible Study','[{"added": {}}]',9,1,1);
INSERT INTO django_admin_log VALUES(4,'2021-09-08 19:16:47.894668','1','1 &2 Corinthians','[{"added": {}}]',8,1,1);
INSERT INTO django_admin_log VALUES(5,'2021-09-08 19:34:27.505456','3','Cook, David','[{"added": {}}]',10,1,1);
INSERT INTO django_admin_log VALUES(6,'2021-09-08 19:39:02.563323','2','The Wiersbe Bible Study Series Job','[{"added": {}}]',8,1,1);
INSERT INTO django_admin_log VALUES(7,'2021-09-08 19:46:37.004838','4','MacAuthur, John','[{"added": {}}]',10,1,1);
INSERT INTO django_admin_log VALUES(8,'2021-09-08 19:49:43.938745','3','Matthew','[{"added": {}}]',8,1,1);
INSERT INTO django_admin_log VALUES(9,'2021-09-08 19:54:56.558183','a02ccf45-8023-4395-a663-56ad1335110c','a02ccf45-8023-4395-a663-56ad1335110c (1 &2 Corinthians)','[{"added": {}}]',7,1,1);
INSERT INTO django_admin_log VALUES(10,'2021-09-08 21:38:21.660584','a02ccf45-8023-4395-a663-56ad1335110c','a02ccf45-8023-4395-a663-56ad1335110c (1 &2 Corinthians)','[]',7,1,2);
INSERT INTO django_admin_log VALUES(11,'2021-09-09 01:49:59.680292','a02ccf45-8023-4395-a663-56ad1335110c','a02ccf45-8023-4395-a663-56ad1335110c ((''1 &2 Corinthians'', ''Available'', datetime.date(2021, 9, 10)))','[{"changed": {"fields": ["Due back"]}}]',7,1,2);
INSERT INTO django_admin_log VALUES(12,'2021-09-09 02:05:26.740762','3','Matthew','[]',8,1,2);
INSERT INTO django_admin_log VALUES(13,'2021-09-09 02:12:43.316177','9e7d8e2c-add2-4699-bd51-0c5e68cf974b','9e7d8e2c-add2-4699-bd51-0c5e68cf974b ((''Matthew'', ''Available'', ''TBD''))','[{"added": {}}]',7,1,1);
INSERT INTO django_admin_log VALUES(14,'2021-09-09 04:32:22.109125','5','Veerman, Rev, David R','[{"added": {}}]',10,1,1);
INSERT INTO django_admin_log VALUES(15,'2021-09-09 04:34:56.700507','6','Galvin, Dr James C.','[{"added": {}}]',10,1,1);
INSERT INTO django_admin_log VALUES(16,'2021-09-09 04:35:32.583795','7','Barton, Dr. Bruce B.','[{"added": {}}]',10,1,1);
INSERT INTO django_admin_log VALUES(17,'2021-09-09 04:35:43.333021','4','1 & 2 Timothy','[{"added": {}}]',8,1,1);
INSERT INTO django_admin_log VALUES(18,'2021-09-09 04:50:57.537896','9e7d8e2c-add2-4699-bd51-0c5e68cf974b','9e7d8e2c-add2-4699-bd51-0c5e68cf974b ((''Matthew'', ''On loan'', ''TBD''))','[{"changed": {"fields": ["Status"]}}]',7,1,2);
INSERT INTO django_admin_log VALUES(19,'2021-09-09 04:51:32.108819','d4dc3ca0-b021-4cd3-97ae-6a06865e6d3a','d4dc3ca0-b021-4cd3-97ae-6a06865e6d3a ((''The Wiersbe Bible Study Series Job'', ''Maintenance'', ''2021-09-23''))','[{"added": {}}]',7,1,1);
INSERT INTO django_admin_log VALUES(20,'2021-09-10 21:32:03.356697','1','Library Members','[{"added": {}}]',3,1,1);
INSERT INTO django_admin_log VALUES(21,'2021-09-10 21:34:02.767654','2','jeanie','[{"added": {}}]',4,1,1);
INSERT INTO django_admin_log VALUES(22,'2021-09-10 21:36:21.414448','2','jeanie','[{"changed": {"fields": ["First name", "Last name", "Email address"]}}]',4,1,2);
INSERT INTO django_admin_log VALUES(23,'2021-09-10 23:13:44.923564','9e7d8e2c-add2-4699-bd51-0c5e68cf974b','9e7d8e2c-add2-4699-bd51-0c5e68cf974b ((''Matthew'', ''On loan'', ''TBD''))','[{"changed": {"fields": ["Borrower"]}}]',7,1,2);
INSERT INTO django_admin_log VALUES(24,'2021-09-10 23:14:18.194083','a02ccf45-8023-4395-a663-56ad1335110c','a02ccf45-8023-4395-a663-56ad1335110c ((''1 &2 Corinthians'', ''On loan'', ''2021-09-10''))','[{"changed": {"fields": ["Status", "Borrower"]}}]',7,1,2);
INSERT INTO django_admin_log VALUES(25,'2021-09-11 00:10:29.479005','9e7d8e2c-add2-4699-bd51-0c5e68cf974b','9e7d8e2c-add2-4699-bd51-0c5e68cf974b ((''Matthew'', ''On loan'', ''2021-09-22''))','[{"changed": {"fields": ["Due back"]}}]',7,1,2);
INSERT INTO django_admin_log VALUES(26,'2021-09-11 00:11:55.177540','9e7d8e2c-add2-4699-bd51-0c5e68cf974b','9e7d8e2c-add2-4699-bd51-0c5e68cf974b ((''Matthew'', ''On loan'', ''2021-09-22''))','[]',7,1,2);
INSERT INTO django_admin_log VALUES(27,'2021-09-11 00:12:21.106906','d4dc3ca0-b021-4cd3-97ae-6a06865e6d3a','d4dc3ca0-b021-4cd3-97ae-6a06865e6d3a ((''The Wiersbe Bible Study Series Job'', ''Available'', ''2021-09-23''))','[{"changed": {"fields": ["Status"]}}]',7,1,2);
INSERT INTO django_admin_log VALUES(28,'2021-09-11 00:26:19.690537','2','jeanie','[{"changed": {"fields": ["password"]}}]',4,1,2);
INSERT INTO django_admin_log VALUES(29,'2021-09-11 02:11:13.448859','3','librarian','[{"added": {}}]',4,1,1);
INSERT INTO django_admin_log VALUES(30,'2021-09-11 02:26:01.544333','3','librarian','',4,1,3);
INSERT INTO django_admin_log VALUES(31,'2021-09-11 20:13:48.584479','4','librarian','[{"added": {}}]',4,1,1);
INSERT INTO django_admin_log VALUES(32,'2021-09-11 20:15:48.539837','4','librarian','[{"changed": {"fields": ["First name", "Last name", "Email address", "Staff status"]}}]',4,1,2);
INSERT INTO django_admin_log VALUES(33,'2021-09-11 21:15:52.098115','d4dc3ca0-b021-4cd3-97ae-6a06865e6d3a','d4dc3ca0-b021-4cd3-97ae-6a06865e6d3a ((''The Wiersbe Bible Study Series Job'', ''On loan'', ''2021-09-23''))','[{"changed": {"fields": ["Status"]}}]',7,1,2);
INSERT INTO django_admin_log VALUES(34,'2021-09-11 21:16:08.369916','d4dc3ca0-b021-4cd3-97ae-6a06865e6d3a','d4dc3ca0-b021-4cd3-97ae-6a06865e6d3a ((''The Wiersbe Bible Study Series Job'', ''On loan'', ''2021-09-23''))','[{"changed": {"fields": ["Borrower"]}}]',7,1,2);
INSERT INTO django_admin_log VALUES(35,'2021-09-11 22:24:23.979557','4','librarian','[{"changed": {"fields": ["Active"]}}]',4,1,2);
INSERT INTO django_admin_log VALUES(36,'2021-09-11 22:26:07.145913','4','librarian','[{"changed": {"fields": ["Active"]}}]',4,1,2);
INSERT INTO django_admin_log VALUES(37,'2021-09-11 23:13:29.509107','4','librarian','[]',4,1,2);
INSERT INTO django_admin_log VALUES(38,'2021-09-11 23:17:38.545043','4','librarian','[{"changed": {"fields": ["User permissions"]}}]',4,1,2);
INSERT INTO django_admin_log VALUES(39,'2021-09-11 23:21:59.186795','4','librarian','[{"changed": {"fields": ["User permissions"]}}]',4,1,2);
INSERT INTO django_admin_log VALUES(40,'2021-09-13 01:10:24.321888','10','Fay, William','[{"added": {}}]',10,1,1);
INSERT INTO django_admin_log VALUES(41,'2021-09-13 01:54:01.479377','1','English','[{"added": {}}]',11,1,1);
INSERT INTO django_admin_log VALUES(42,'2021-09-13 01:55:09.805307','5','Share Jesus Without Fear','[{"changed": {"fields": ["Language"]}}]',8,1,2);
INSERT INTO django_admin_log VALUES(43,'2021-09-13 01:55:23.631798','4','1 & 2 Timothy','[{"changed": {"fields": ["Language"]}}]',8,1,2);
INSERT INTO django_admin_log VALUES(44,'2021-09-13 01:55:39.533551','3','Matthew','[{"changed": {"fields": ["Language"]}}]',8,1,2);
INSERT INTO django_admin_log VALUES(45,'2021-09-13 01:55:54.487218','2','The Wiersbe Bible Study Series Job','[{"changed": {"fields": ["Language"]}}]',8,1,2);
INSERT INTO django_admin_log VALUES(46,'2021-09-13 01:56:08.558392','1','1 &2 Corinthians','[{"changed": {"fields": ["Language"]}}]',8,1,2);
CREATE TABLE IF NOT EXISTS "django_content_type" ("id" integer NOT NULL PRIMARY KEY AUTOINCREMENT, "app_label" varchar(100) NOT NULL, "model" varchar(100) NOT NULL);
INSERT INTO django_content_type VALUES(1,'admin','logentry');
INSERT INTO django_content_type VALUES(2,'auth','permission');
INSERT INTO django_content_type VALUES(3,'auth','group');
INSERT INTO django_content_type VALUES(4,'auth','user');
INSERT INTO django_content_type VALUES(5,'contenttypes','contenttype');
INSERT INTO django_content_type VALUES(6,'sessions','session');
INSERT INTO django_content_type VALUES(7,'catalog','bookinstance');
INSERT INTO django_content_type VALUES(8,'catalog','book');
INSERT INTO django_content_type VALUES(9,'catalog','genre');
INSERT INTO django_content_type VALUES(10,'catalog','author');
INSERT INTO django_content_type VALUES(11,'catalog','language');
CREATE TABLE IF NOT EXISTS "auth_permission" ("id" integer NOT NULL PRIMARY KEY AUTOINCREMENT, "content_type_id" integer NOT NULL REFERENCES "django_content_type" ("id") DEFERRABLE INITIALLY DEFERRED, "codename" varchar(100) NOT NULL, "name" varchar(255) NOT NULL);
INSERT INTO auth_permission VALUES(1,1,'add_logentry','Can add log entry');
INSERT INTO auth_permission VALUES(2,1,'change_logentry','Can change log entry');
INSERT INTO auth_permission VALUES(3,1,'delete_logentry','Can delete log entry');
INSERT INTO auth_permission VALUES(4,1,'view_logentry','Can view log entry');
INSERT INTO auth_permission VALUES(5,2,'add_permission','Can add permission');
INSERT INTO auth_permission VALUES(6,2,'change_permission','Can change permission');
INSERT INTO auth_permission VALUES(7,2,'delete_permission','Can delete permission');
INSERT INTO auth_permission VALUES(8,2,'view_permission','Can view permission');
INSERT INTO auth_permission VALUES(9,3,'add_group','Can add group');
INSERT INTO auth_permission VALUES(10,3,'change_group','Can change group');
INSERT INTO auth_permission VALUES(11,3,'delete_group','Can delete group');
INSERT INTO auth_permission VALUES(12,3,'view_group','Can view group');
INSERT INTO auth_permission VALUES(13,4,'add_user','Can add user');
INSERT INTO auth_permission VALUES(14,4,'change_user','Can change user');
INSERT INTO auth_permission VALUES(15,4,'delete_user','Can delete user');
INSERT INTO auth_permission VALUES(16,4,'view_user','Can view user');
INSERT INTO auth_permission VALUES(17,5,'add_contenttype','Can add content type');
INSERT INTO auth_permission VALUES(18,5,'change_contenttype','Can change content type');
INSERT INTO auth_permission VALUES(19,5,'delete_contenttype','Can delete content type');
INSERT INTO auth_permission VALUES(20,5,'view_contenttype','Can view content type');
INSERT INTO auth_permission VALUES(21,6,'add_session','Can add session');
INSERT INTO auth_permission VALUES(22,6,'change_session','Can change session');
INSERT INTO auth_permission VALUES(23,6,'delete_session','Can delete session');
INSERT INTO auth_permission VALUES(24,6,'view_session','Can view session');
INSERT INTO auth_permission VALUES(25,7,'add_bookinstance','Can add book instance');
INSERT INTO auth_permission VALUES(26,7,'change_bookinstance','Can change book instance');
INSERT INTO auth_permission VALUES(27,7,'delete_bookinstance','Can delete book instance');
INSERT INTO auth_permission VALUES(28,7,'view_bookinstance','Can view book instance');
INSERT INTO auth_permission VALUES(29,8,'add_book','Can add book');
INSERT INTO auth_permission VALUES(30,8,'change_book','Can change book');
INSERT INTO auth_permission VALUES(31,8,'delete_book','Can delete book');
INSERT INTO auth_permission VALUES(32,8,'view_book','Can view book');
INSERT INTO auth_permission VALUES(33,9,'add_genre','Can add genre');
INSERT INTO auth_permission VALUES(34,9,'change_genre','Can change genre');
INSERT INTO auth_permission VALUES(35,9,'delete_genre','Can delete genre');
INSERT INTO auth_permission VALUES(36,9,'view_genre','Can view genre');
INSERT INTO auth_permission VALUES(37,10,'add_author','Can add author');
INSERT INTO auth_permission VALUES(38,10,'change_author','Can change author');
INSERT INTO auth_permission VALUES(39,10,'delete_author','Can delete author');
INSERT INTO auth_permission VALUES(40,10,'view_author','Can view author');
INSERT INTO auth_permission VALUES(41,7,'can_mark_returned','Set book as returned');
INSERT INTO auth_permission VALUES(42,11,'add_language','Can add language');
INSERT INTO auth_permission VALUES(43,11,'change_language','Can change language');
INSERT INTO auth_permission VALUES(44,11,'delete_language','Can delete language');
INSERT INTO auth_permission VALUES(45,11,'view_language','Can view language');
CREATE TABLE IF NOT EXISTS "auth_group" ("id" integer NOT NULL PRIMARY KEY AUTOINCREMENT, "name" varchar(150) NOT NULL UNIQUE);
INSERT INTO auth_group VALUES(1,'Library Members');
CREATE TABLE IF NOT EXISTS "auth_user" ("id" integer NOT NULL PRIMARY KEY AUTOINCREMENT, "password" varchar(128) NOT NULL, "last_login" datetime NULL, "is_superuser" bool NOT NULL, "username" varchar(150) NOT NULL UNIQUE, "last_name" varchar(150) NOT NULL, "email" varchar(254) NOT NULL, "is_staff" bool NOT NULL, "is_active" bool NOT NULL, "date_joined" datetime NOT NULL, "first_name" varchar(150) NOT NULL);
INSERT INTO auth_user VALUES(1,'pbkdf2_sha256$260000$sp2Z7l0wjoM0qz3dtAxFVS$Y2Z3edVXFRY5pH+e/u0zew6EvMHnGvJ7qz4Ir3Y12AQ=','2021-09-14 03:56:03.202870',1,'richard','','richardkellam@cox.net',1,1,'2021-09-08 19:07:34.865341','');
INSERT INTO auth_user VALUES(2,'pbkdf2_sha256$260000$aZ9r2d4lYKjjbRC3NRNgOu$MypgMNOVaJ3dwkVL+UAau5gzvH4FtcUOtObMVGt8Fuw=','2021-09-13 00:49:39.955001',0,'jeanie','Kellam','jeankellam@cox.net',0,1,'2021-09-10 21:34:02','Jeanie');
INSERT INTO auth_user VALUES(4,'pbkdf2_sha256$260000$EyMKTz7ETVB8JTaNhXfNuA$bn1j2TcFXlWRW2TRUQk9KTrhT4CcqEPLXqp1FkfqPI0=','2021-09-11 23:22:58.556707',0,'librarian','Kellam','richardkellam@cox.net',1,1,'2021-09-11 20:13:48','Richard');
CREATE TABLE IF NOT EXISTS "django_session" ("session_key" varchar(40) NOT NULL PRIMARY KEY, "session_data" text NOT NULL, "expire_date" datetime NOT NULL);
INSERT INTO django_session VALUES('1zdv2r7dpu2bs38xdyq57fulnmg74qfk','.eJxVjMsOgyAQAP9lzw1RiwIee_cbyO7CVvqARLSXpv_emHjxOjOZL-Tt7T-pprXC2F3A47bOfqtx8SnACC2cGCE_Y95FeGC-F8Ulr0sitSfqsFVNJcTX7WhPgxnrvG-DbYSFLEYRvg5sqDHIPDC3rtPGaQnkeo7aUWsiadsEJOmdCPWiBX5_ygI-8g:1mPzYB:TW744xUlc3D72VBVWYdjoXeYll_DPIOP3-tE6CYxjUE','2021-09-28 03:56:03.238108');
CREATE TABLE IF NOT EXISTS "catalog_author" ("id" integer NOT NULL PRIMARY KEY AUTOINCREMENT, "first_name" varchar(100) NOT NULL, "last_name" varchar(100) NOT NULL, "date_of_birth" date NULL, "date_of_death" date NULL);
INSERT INTO catalog_author VALUES(1,'Dewey','Bertolini',NULL,NULL);
INSERT INTO catalog_author VALUES(2,'Larry','Richards',NULL,NULL);
INSERT INTO catalog_author VALUES(3,'David','Cook','1850-08-28','1927-07-10');
INSERT INTO catalog_author VALUES(4,'John','MacAuthur','1939-06-19',NULL);
INSERT INTO catalog_author VALUES(5,'Rev, David R','Veerman',NULL,NULL);
INSERT INTO catalog_author VALUES(6,'Dr James C.','Galvin',NULL,NULL);
INSERT INTO catalog_author VALUES(7,'Dr. Bruce B.','Barton',NULL,NULL);
INSERT INTO catalog_author VALUES(10,'William','Fay','1940-06-15',NULL);
INSERT INTO catalog_author VALUES(11,'William','Fay','1940-06-15','2021-11-06');
CREATE TABLE IF NOT EXISTS "catalog_genre" ("id" integer NOT NULL PRIMARY KEY AUTOINCREMENT, "name" varchar(200) NOT NULL);
INSERT INTO catalog_genre VALUES(1,'Bible Study');
CREATE TABLE IF NOT EXISTS "catalog_book_genre" ("id" integer NOT NULL PRIMARY KEY AUTOINCREMENT, "book_id" bigint NOT NULL REFERENCES "catalog_book" ("id") DEFERRABLE INITIALLY DEFERRED, "genre_id" bigint NOT NULL REFERENCES "catalog_genre" ("id") DEFERRABLE INITIALLY DEFERRED);
INSERT INTO catalog_book_genre VALUES(1,1,1);
INSERT INTO catalog_book_genre VALUES(2,2,1);
INSERT INTO catalog_book_genre VALUES(3,3,1);
INSERT INTO catalog_book_genre VALUES(4,4,1);
INSERT INTO catalog_book_genre VALUES(5,5,1);
CREATE TABLE IF NOT EXISTS "catalog_bookinstance" ("id" char(32) NOT NULL PRIMARY KEY, "imprint" varchar(200) NOT NULL, "due_back" date NULL, "status" varchar(1) NOT NULL, "book_id" bigint NULL REFERENCES "catalog_book" ("id") DEFERRABLE INITIALLY DEFERRED, "borrower_id" integer NULL REFERENCES "auth_user" ("id") DEFERRABLE INITIALLY DEFERRED);
INSERT INTO catalog_bookinstance VALUES('a02ccf4580234395a66356ad1335110c','What is this','2021-10-03','o',1,1);
INSERT INTO catalog_bookinstance VALUES('9e7d8e2cadd24699bd510c5e68cf974b','What is this','2021-09-22','o',3,2);
INSERT INTO catalog_bookinstance VALUES('d4dc3ca0b0214cd397ae6a06865e6d3a','What is this','2021-09-23','o',2,1);
CREATE TABLE IF NOT EXISTS "catalog_language" ("id" integer NOT NULL PRIMARY KEY AUTOINCREMENT, "name" varchar(200) NOT NULL);
INSERT INTO catalog_language VALUES(1,'English');
CREATE TABLE IF NOT EXISTS "catalog_book" ("id" integer NOT NULL PRIMARY KEY AUTOINCREMENT, "title" varchar(200) NOT NULL, "summary" text NOT NULL, "isbn" varchar(13) NOT NULL UNIQUE, "author_id" bigint NULL REFERENCES "catalog_author" ("id") DEFERRABLE INITIALLY DEFERRED, "language_id" bigint NULL REFERENCES "catalog_language" ("id") DEFERRABLE INITIALLY DEFERRED);
INSERT INTO catalog_book VALUES(1,'1 &2 Corinthians','From the Smart Guide to the Bible Series','4185-1013-1',2,1);
INSERT INTO catalog_book VALUES(2,'The Wiersbe Bible Study Series Job','A Study of the book of Job','9780781406345',3,1);
INSERT INTO catalog_book VALUES(3,'Matthew','Bible Study on the Gospel of Matthew','9787183513',4,1);
INSERT INTO catalog_book VALUES(4,'1 & 2 Timothy','Bible Study of 1 & 2 Timothy','9781414326528',7,1);
INSERT INTO catalog_book VALUES(5,'Share Jesus Without Fear','A book to help you to witness','0805418393',10,1);
DELETE FROM sqlite_sequence;
INSERT INTO sqlite_sequence VALUES('django_migrations',23);
INSERT INTO sqlite_sequence VALUES('django_admin_log',46);
INSERT INTO sqlite_sequence VALUES('django_content_type',11);
INSERT INTO sqlite_sequence VALUES('auth_permission',45);
INSERT INTO sqlite_sequence VALUES('auth_group',1);
INSERT INTO sqlite_sequence VALUES('auth_user',4);
INSERT INTO sqlite_sequence VALUES('catalog_author',11);
INSERT INTO sqlite_sequence VALUES('catalog_genre',1);
INSERT INTO sqlite_sequence VALUES('catalog_book_genre',5);
INSERT INTO sqlite_sequence VALUES('auth_user_user_permissions',2);
INSERT INTO sqlite_sequence VALUES('catalog_book',5);
INSERT INTO sqlite_sequence VALUES('catalog_language',1);
CREATE UNIQUE INDEX "auth_group_permissions_group_id_permission_id_0cd325b0_uniq" ON "auth_group_permissions" ("group_id", "permission_id");
CREATE INDEX "auth_group_permissions_group_id_b120cbf9" ON "auth_group_permissions" ("group_id");
CREATE INDEX "auth_group_permissions_permission_id_84c5c92e" ON "auth_group_permissions" ("permission_id");
CREATE UNIQUE INDEX "auth_user_groups_user_id_group_id_94350c0c_uniq" ON "auth_user_groups" ("user_id", "group_id");
CREATE INDEX "auth_user_groups_user_id_6a12ed8b" ON "auth_user_groups" ("user_id");
CREATE INDEX "auth_user_groups_group_id_97559544" ON "auth_user_groups" ("group_id");
CREATE UNIQUE INDEX "auth_user_user_permissions_user_id_permission_id_14a6b632_uniq" ON "auth_user_user_permissions" ("user_id", "permission_id");
CREATE INDEX "auth_user_user_permissions_user_id_a95ead1b" ON "auth_user_user_permissions" ("user_id");
CREATE INDEX "auth_user_user_permissions_permission_id_1fbb5f2c" ON "auth_user_user_permissions" ("permission_id");
CREATE INDEX "django_admin_log_content_type_id_c4bce8eb" ON "django_admin_log" ("content_type_id");
CREATE INDEX "django_admin_log_user_id_c564eba6" ON "django_admin_log" ("user_id");
CREATE UNIQUE INDEX "django_content_type_app_label_model_76bd3d3b_uniq" ON "django_content_type" ("app_label", "model");
CREATE UNIQUE INDEX "auth_permission_content_type_id_codename_01ab375a_uniq" ON "auth_permission" ("content_type_id", "codename");
CREATE INDEX "auth_permission_content_type_id_2f476e4b" ON "auth_permission" ("content_type_id");
CREATE INDEX "django_session_expire_date_a5c62663" ON "django_session" ("expire_date");
CREATE UNIQUE INDEX "catalog_book_genre_book_id_genre_id_d15f6922_uniq" ON "catalog_book_genre" ("book_id", "genre_id");
CREATE INDEX "catalog_book_genre_book_id_e5a77c43" ON "catalog_book_genre" ("book_id");
CREATE INDEX "catalog_book_genre_genre_id_77d7ffde" ON "catalog_book_genre" ("genre_id");
CREATE INDEX "catalog_bookinstance_book_id_69f93415" ON "catalog_bookinstance" ("book_id");
CREATE INDEX "catalog_bookinstance_borrower_id_0d71c37c" ON "catalog_bookinstance" ("borrower_id");
CREATE INDEX "catalog_book_author_id_b0849980" ON "catalog_book" ("author_id");
CREATE INDEX "catalog_book_language_id_447f859e" ON "catalog_book" ("language_id");
COMMIT;
